4,Amateur
5,Anal
104,Arab
6,Asian
7,Babes
105,Babysitters
16,BBW
60,BDSM
8,Beach
47,Big Boobs
95,Bisexuals
10,Black and Ebony
11,Blondes
12,Blowjobs
142,Brazilian
107,British
13,Brunettes
108,Bukkake
83,Cartoons
14,Celebrities
144,Chinese
17,Close-ups
96,Creampie
109,Cuckold
18,Cumshots
143,Czech
145,Danish
110,Double Penetration
136,Emo
137,Face Sitting
56,Facials
97,Femdom
21,Fingering
63,Flashing
111,Foot Fetish
112,French
15,Funny
113,Gangbang
114,Gaping
132,German
135,Gothic
116,Grannies
50,Group Sex
22,Hairy
48,Handjobs
23,Hardcore
133,Hentai
43,Hidden Cams
117,Indian
98,Interracial
118,Italian
87,Japanese
120,Korean
121,Latex
89,Latin
28,Lesbians
122,Lingerie
123,Massage
31,Masturbation
32,Matures
139,Midgets
99,MILFs
33,Nipples
100,Old+Young
38,Pornstars
101,POV
39,Public Nudity
88,Redheads
125,Russian
19,Sex Toys
42,Showers
138,Softcore
134,Spanking
90,Squirting
84,Stockings
126,Strapon
127,Swedish
128,Swingers
44,Teens
146,Thai
129,Threesomes
45,Tits
130,Turkish
46,Upskirts
51,Vintage
102,Voyeur
3,Webcams
