Tags,Popularity,Match Straight,Match Gay
-hardcore,1060,,
18,14857,,
18y,1799,,
18years,4290,,
18yearsold,6112,,
18yo,12214,,
19,1325,,
19yo,4668,,
1on1,1976,,
2011,1484,,
2012,1072,,
21sextury,4900,,
3d,7278,,
3some,6039,,
69,53196,,
POV,162464,,
about,20187,,
absolutely,21125,,
acrobat,1696,,
acrobats,1238,,
action,3595,,
actress,2345,,
adams,995,,
adorable,7013,,
adult,9619,,
adultery,3667,,
adultwebcam,1535,,
african,7519,,
after,2295,,
agent,1625,,
alexis,2379,,
all,1885,,
alone,1483,,
also,9920,,
alt,2114,,
alternative,2319,,
amador,8149,,
amadora,3833,,
amadoras,1373,,
amadores,1181,,
amante,1672,,
amateur,996920,,
amateure,2050,,
amateurporn,1489,,
amateurs,169221,,
amateursex,10857,,
amateurteenies,1024,,
amatuer,4547,,
amature,3074,,
amatures,1064,,
amazing,12862,,
amber,1403,,
american,2934,,
amiga,1081,,
amsterdam,2832,,
anal,463135,,
anal-fuck,6461,,
anal-porn,5994,,
anal-sex,16341,,
analass,1998,,
analcreampie,1182,,
analfisting,1203,,
analfuck,6653,,
analfucking,5567,,
analized,8345,,
anally,1386,,
analsex,22892,,
analslut,2760,,
and,13963,,
angel,4784,,
angelina,1599,,
angry,2633,,
animated,1015,,
animation,5096,,
anime,13115,,
ann,2091,,
anus,11315,,
arab,6718,,
arabe,1755,,
arabian,1935,,
arabic,2252,,
area,25934,,
argentina,9045,,
art,1491,,
artistic,1360,,
ashley,1445,,
asia,4706,,
asian,215507,,
asian-porn,2430,,
asian-woman,2320,,
asiangirl,4632,,
asianporn,1756,,
asians,6003,,
asiansex,10373,,
asianwoman,2623,,
ass,418905,,
ass-fingering,15669,,
ass-fuck,9659,,
ass-fucking,10040,,
ass-to-mouth,14344,,
asses,16740,,
assfingering,1004,,
assfuck,17965,,
assfucked,2662,,
assfuckers,1252,,
assfucking,20084,,
assgape,1061,,
assgaping,1037,,
asshole,17702,,
assholes,2955,,
asslick,3504,,
asslicking,8772,,
asstomouth,11860,,
at,3300,,
athletic,1363,,
atm,1369,,
audition,3305,,
aunty,2843,,
aussie,2772,,
austinwilde,1167,,
australian,2989,,
ava,1077,,
awesome,3416,,
azhotporn,9377,,
babe,331101,,
babes,96452,,
baby,4856,,
babygotboobs,1737,,
babysitter,2415,,
bachelorette,1956,,
back,1202,,
backdoor,1377,,
ball,2769,,
balls,4168,,
bang,8940,,
banged,5358,,
banging,2373,,
bareback,25370,,
barebacksex,14072,,
barefoot,1419,,
bath,5615,,
bathroom,9380,,
bbbw,1140,,
bbc,15877,,
bbw,31020,,
bbws,1237,,
bbwsex,1145,,
bdsm,62000,,
beach,5596,,
bear,7934,,
beardgay,984,,
bears,1121,,
beata,5459,,
beatas,1035,,
beauties,1449,,
beautiful,56656,,
beauty,12013,,
bed,4002,,
bedroom,7915,,
been,12247,,
before,3155,,
behind,3187,,
bella,1062,,
belle,1289,,
bendover,1123,,
best,4374,,
between,2747,,
bi,4222,,
bicurious,1263,,
big,176950,,
big-ass,45460,,
big-asses,5299,,
big-boobs,10997,,
big-butt,6480,,
big-butts,21439,,
big-cock,49464,,
big-dick,26257,,
big-dicks,92707,,
big-dicksb,1359,,
big-fat-black-girls,19896,,
big-tit,4113,,
big-tits,59674,,
bigass,34429,,
bigasses,5611,,
bigbabe,995,,
bigblackcock,8240,,
bigboob,8016,,
bigboobs,29002,,
bigbooty,23130,,
bigbreasts,3057,,
bigbutt,11961,,
bigbutts,7633,,
bigcock,113631,,
bigcocks,4173,,
bigdick,38204,,
bigdicks,2653,,
bigdicksatschool,13062,,
biggirl,1330,,
bignaturals,1941,,
bigtit,29072,,
bigtits,281146,,
bigtitsatwork,1451,,
bigtitted,9261,,
bigwetbutts,1365,,
bikini,43337,,
bisex,5034,,
bisexual,12955,,
bitch,10009,,
bizarre,24627,,
bizzare,4102,,
bj,29453,,
black,215611,,
black-ass,1508,,
black-boobs,19898,,
black-booty,1495,,
black-butt,1512,,
black-cock,86527,,
black-dick,19680,,
black-gay,1374,,
black-girl,1647,,
black-girls,19979,,
black-porn,19921,,
black-thugs,2480,,
blackcock,86395,,
blackcocks,39820,,
blackdick,52236,,
blackdicks,5010,,
blackgay,2871,,
blackgirl,6801,,
blackhair,4116,,
blackman,2265,,
blackonwhite,1341,,
blackporn,20511,,
blackpussy,20062,,
blacks,35055,,
blacksonblondes,22923,,
blacksonboys,10795,,
blackwoman,19676,,
blojob,1158,,
blond,13463,,
blonde,552951,,
blondes,33667,,
blondhair,2686,,
blondie,11451,,
blondies,6152,,
blow,41022,,
blow-job,25205,,
blow-jobass,1525,,
blow-jobbutt,2186,,
blowbang,1207,,
blowing,12242,,
blowjob,1200663,,
blowjobs,59236,,
blows,12527,,
blue,2967,,
bodies,1433,,
body,6945,,
body-massage,5844,,
bondage,61135,,
boob,20187,,
boob-sex,5966,,
boobies,1959,,
boobs,345210,,
boobs-fuck,5967,,
boobsoral,1393,,
boots,4935,,
booty,68079,,
bootylicious,1710,,
boquete,2453,,
boss,2984,,
both,1471,,
bottom,2415,,
bounce,6737,,
bouncing,7276,,
bound,9029,,
boy,8237,,
boyfriend,8794,,
boys,5032,,
bra,1248,,
brasil,5321,,
brasileira,4498,,
brasilian,1001,,
brazil,6129,,
brazilian,9335,,
brazzers,2019,,
breast,8290,,
breasts,32898,,
breeding,1348,,
british,23112,,
brooke,1788,,
brotha,1737,,
brother,2778,,
brown,1537,,
brownhair,4992,,
brunette,611246,,
brunettes,6255,,
brutal,21055,,
bubble,5906,,
bubble-butt,13921,,
bubblebutt,3626,,
buceta,4339,,
bukake,6046,,
bukakke,3545,,
bukkake,54534,,
bukkake-boys,1356,,
bukkake-now,13069,,
bullshit,4856,,
bunda,4561,,
bunduda,1157,,
bus,2702,,
bush,1708,,
busted,1120,,
busty,212011,,
busty-babes,1848,,
busty-fuck,5970,,
butt,141323,,
butt-fuck,5200,,
buttfuck,5871,,
buttfucking,17288,,
butthole,1778,,
button,1834,,
butts,10627,,
by,1707,,
calcinha,1286,,
caliente,1567,,
cam,108058,,
cam-girl,3095,,
cam-porn,3606,,
cam-sex,6410,,
camel,2928,,
camel-toe,1177,,
cameltoe,5461,,
camera,11387,,
camgirl,52799,,
camgirls,16028,,
campus,5467,,
camrip,5619,,
cams,71898,,
camsex,19581,,
camshow,29988,,
camsluts,4896,,
camsluts24,990,,
camwhore,11337,,
candid,1718,,
capture,1169,,
car,4931,,
carefreesex,1098,,
caribbean,6181,,
cartoon,10954,,
cartoons,1445,,
casada,2729,,
casal,2833,,
caseiro,2046,,
casero,3616,,
cash,9275,,
casting,8346,,
casualsex,1107,,
caucasian,1886,,
caught,1905,,
cbt,2312,,
cd,1056,,
celeb,5688,,
celebrities,3682,,
celebrity,8970,,
celebs,2766,,
censored,2482,,
centerfold,2675,,
cfnm,50014,,
chair,2188,,
charming,1849,,
chat,30559,,
chatfree,5092,,
chatroom,1896,,
chatroulette,1338,,
chatte,2279,,
chatting,4228,,
chaturbate,1576,,
cheat,8612,,
cheater,6127,,
cheaters,5671,,
cheating,4552,,
check,51756,,
cheeks,1254,,
cheerleader,7324,,
chica,2525,,
chick,8126,,
chicks,6392,,
chile,1066,,
china,4220,,
chinese,7029,,
chocolate,1189,,
chubby,14887,,
chunky,2087,,
chupada,1227,,
chupando,2808,,
class,1306,,
classic,6117,,
classroom,1620,,
classy,16854,,
clean,1175,,
cleavage,6387,,
climax,1066,,
clip,44326,,
clit,8259,,
clitoris,1685,,
close,11663,,
close-up,22214,,
closeup,31879,,
closeups,8456,,
clothed,8570,,
clothed-female,5227,,
clothes,1083,,
club,4735,,
cock,142276,,
cock-sucking,10719,,
cocks,10201,,
cockslut,1157,,
cocksuck,12297,,
cocksucker,7293,,
cocksuckers,4784,,
cocksucking,55165,,
codycummings,1221,,
coed,11943,,
coeds,20478,,
cogiendo,1918,,
colegiala,1220,,
college,119402,,
college-girls,6711,,
college-porn,2383,,
college-sex,8392,,
college-teens,15038,,
collegegirl,2889,,
colombia,7400,,
colombiana,1559,,
compilation,6970,,
condom,2061,,
copulating,1719,,
corno,2697,,
corset,1036,,
cosplay,2296,,
costume,1393,,
couch,10135,,
cougar,30055,,
cougar-sex,5009,,
cougarmama,10232,,
cougarmom,11308,,
cougars,17342,,
cougarsex,5004,,
couple,43533,,
couples,12228,,
cowgirl,36182,,
crazy,2963,,
cream,10652,,
cream-pie,5933,,
creamed,6416,,
creampie,50442,,
creampied,1079,,
creampies,7680,,
creamy,4228,,
crossdresser,1361,,
cu,1897,,
cuckold,11009,,
cucold,10197,,
culo,7159,,
culona,3432,,
culonas,1044,,
cum,107138,,
cum-on-tits,65732,,
cum-shot,3985,,
cum-shots,1597,,
cum-swapping,12030,,
cumbath,1044,,
cumeating,1247,,
cumfacial,1977,,
cuminmouth,9760,,
cumload,5539,,
cumming,6483,,
cumonass,1609,,
cumontits,2158,,
cumpilation,1019,,
cumplay,13541,,
cums,2707,,
cumshoot,8740,,
cumshot,450021,,
cumshot-on-ass,13521,,
cumshots,65514,,
cumshower,1342,,
cumswallow,2763,,
cumswap,1070,,
cunnilingus,2901,,
cunt,17181,,
cunteating,7552,,
curves,5931,,
curvy,4397,,
cut,7062,,
cute,50088,,
cutey,4931,,
cutie,8131,,
cuzinho,1318,,
cyber,1402,,
cyberchat,2130,,
cybersex,990,,
czech,7208,,
dad,2371,,
daddy,4025,,
dagfs,2301,,
dance,6217,,
dancing,11429,,
dancingbear,6257,,
dando,1352,,
danish,1483,,
dare,1810,,
daredorm,1369,,
dark,3224,,
date,1474,,
dating,4797,,
daughter,17830,,
daughters,6274,,
de,5383,,
deep,18129,,
deep-throat,89792,,
deeply,2122,,
deepthroat,44055,,
defloration,8813,,
deflowered,4198,,
delicia,1630,,
denmark,1135,,
desi,6613,,
detention,5969,,
diamond,1423,,
dick,72080,,
dicks,9361,,
dicksucking,35028,,
dildo,194006,,
dildofucking,4977,,
dildoing,9117,,
dildos,15965,,
dirty,5289,,
discipline,1032,,
doctor,15270,,
doggie,1120,,
doggy,37496,,
doggystyle,121252,,
doll,1227,,
dom,2286,,
domina,6696,,
dominance,15582,,
dominant,4083,,
domination,32669,,
dominatrix,9345,,
dominican,1153,,
dong,1200,,
dont,8719,,
dorm,28040,,
dorms,4627,,
dotado,1054,,
double,16402,,
doublepenetration,5607,,
download,21804,,
dp,10345,,
dream,2245,,
dreaming,10924,,
dress,1907,,
drinking,1055,,
druunk,1109,,
during,22601,,
duro,1139,,
dutch,2952,,
dyke,7464,,
dykes,7838,,
each,2165,,
eastern,1117,,
eat,1019,,
eating,10025,,
ebony,103174,,
ebony-sex,1492,,
ebonyporn,20050,,
ejaculation,1429,,
ejaculations,2801,,
el,1067,,
emo,6885,,
emo-gay,7926,,
en,1832,,
enema,1767,,
english,2719,,
enjoy,4656,,
enjoying,6123,,
erotic,22031,,
erotica,5421,,
escort,1450,,
esposa,6125,,
ethnic,2426,,
euro,72796,,
eurobabe,1067,,
europe,1908,,
european,81985,,
europorn,1260,,
eurosex,10331,,
eva,1467,,
ever,1652,,
every,1877,,
ex,11069,,
ex-gf,9051,,
ex-gfs,2298,,
ex-girlfriend,10606,,
ex-girlfriends,7637,,
exclusive,1910,,
exgf,20743,,
exgfs,2550,,
exgirlfriend,11452,,
exhibitionist,5813,,
exotic,3066,,
experience,1087,,
exposed,2031,,
extra,1737,,
extreme,27472,,
extremely,3945,,
eyes,1175,,
face,6030,,
facefuck,1925,,
faces,993,,
facesitting,5733,,
facial,378087,,
facial-cum,3507,,
facial-cumb,2147,,
facial-cumshot,5662,,
facial-cumshots,5647,,
facialcum,13150,,
facialized,7635,,
facials,34654,,
fake,4762,,
fake-tits,1533,,
family,3057,,
famous,1160,,
fantasy,3254,,
farting,1180,,
fast,1174,,
fat,18459,,
fat-ass,1100,,
fatass,1249,,
father,2272,,
fatty,2588,,
feet,14603,,
feet-fuck,1955,,
feetfetish,1321,,
fellatio,11584,,
female,6602,,
femaledomination,1744,,
femdom,45924,,
femdom-pov,1118,,
fetis,1967,,
fetish,165804,,
fff,1653,,
ffm,4134,,
filipina,1286,,
filmed,24632,,
fine,1289,,
finger,44772,,
fingered,1855,,
fingering,248292,,
fingers,3534,,
first,24799,,
first-time,4311,,
firsttime,7858,,
fishnet,8977,,
fishnets,1811,,
fist,55283,,
fisted,1011,,
fisting,39516,,
flash,1287,,
flashing,26698,,
flashing-body,4882,,
flexible,1931,,
flogging,3876,,
floor,3056,,
fmm,1205,,
foda,1324,,
fodendo,1648,,
follando,1164,,
food,2614,,
food-porn,1172,,
foot,10405,,
foot-fetish,2645,,
footfetish,3608,,
footjob,6210,,
for,5909,,
forced,2457,,
forcouple,1172,,
foreplay,3207,,
forest,3404,,
forwomen,4223,,
foursome,11964,,
francais,1574,,
frat,5993,,
fraternity,5242,,
frats,1737,,
freak,3581,,
freaky,1632,,
free,46363,,
free-cam,4204,,
free-cams,7592,,
free-sex,2251,,
free-sex-chat,1055,,
freecam,6310,,
freecams,6332,,
freechat,1171,,
freesex,1112,,
freewebcam,5760,,
french,10239,,
fresh,1520,,
friend,6537,,
friends,2370,,
from,9240,,
ftv,9791,,
fuck,196646,,
fucked,27217,,
fucked-hard,2665,,
fucker,1057,,
fuckfest,1302,,
fuckin,1115,,
fucking,327066,,
fucks,5641,,
fudendo,1021,,
full,12451,,
fun,4820,,
funk,2293,,
funny,4358,,
gag,3704,,
gagging,8154,,
game,1094,,
games,5128,,
gang,8510,,
gang-bang,8563,,
gangbang,102049,,
gape,4590,,
gaping,9108,,
garden,2291,,
gay,343490,,
gay-3some,1128,,
gay-amateur,2909,,
gay-anal,8690,,
gay-bareback,1174,,
gay-black,2886,,
gay-blackhair,2504,,
gay-blondhair,2349,,
gay-blowjob,2653,,
gay-bondage,1396,,
gay-brownhair,4220,,
gay-clinic,1005,,
gay-cock,1869,,
gay-college,3228,,
gay-cut,3084,,
gay-deepthroat,3400,,
gay-doctor,1005,,
gay-domination,1154,,
gay-dudes,1624,,
gay-facial,3166,,
gay-fetish,1552,,
gay-friend,1623,,
gay-fuck,2023,,
gay-fucking,12153,,
gay-gloryhole,1614,,
gay-hairy,1316,,
gay-handjob,1857,,
gay-hardcore,2133,,
gay-kissing,4784,,
gay-largedick,1175,,
gay-massage,9871,,
gay-masturbation,5849,,
gay-medic,1005,,
gay-medical,1006,,
gay-muscle,4058,,
gay-party,3993,,
gay-physicals,1007,,
gay-porn,12031,,
gay-rimming,2292,,
gay-sex,12942,,
gay-shaved,1107,,
gay-straight,1088,,
gay-tattoos,1019,,
gay-trimmed,3786,,
gay-twinks,7961,,
gay-uncut,1125,,
gay-videos,5188,,
gay-voyeur,1117,,
gayanal,1008,,
gayathletic,4143,,
gaybait,1717,,
gaybarebacksex,9242,,
gayblack,1444,,
gayblowjob,13320,,
gayclips,15243,,
gaycock,13641,,
gaycreeps,2534,,
gaycum,15311,,
gaydick,13110,,
gaydudes,1623,,
gayemo,7923,,
gayfuck,19167,,
gaygroupsex,4077,,
gayhardcore,19889,,
gayhaze,4432,,
gaymassage,11941,,
gaymen,3385,,
gaymovies,13089,,
gaymuscle,1466,,
gayorgy,6911,,
gayporn,64923,,
gayporno,3059,,
gaypornstar,1882,,
gays,54539,,
gaysex,140768,,
gaystraight,9424,,
gayteen,2127,,
gayteens,1781,,
gayz,13660,,
geek,2581,,
german,8195,,
gets,4984,,
getting,2765,,
gf,41300,,
gfs,5469,,
ghetto,24079,,
ghetto-porn,19895,,
gift,1331,,
gilf,1366,,
ginger,1190,,
girl,87139,,
girl-on-girl,15768,,
girlfriend,103849,,
girlfriends,27056,,
girlnextdoor,6607,,
girlongirl,1527,,
girls,83790,,
girly,2058,,
gives,1270,,
glamcore,2232,,
glamorous,3894,,
glamour,29430,,
glass,3535,,
glasses,7181,,
gloria,1300,,
glory,1263,,
glory-hole,12605,,
gloryhole,31696,,
gloryholes,12792,,
golden,2088,,
goldenshower,6851,,
goldenshowers,3287,,
gonzo,4309,,
goo,1078,,
good,3018,,
gorgeous,13906,,
gostosa,12942,,
gostosas,1256,,
gostoso,1439,,
goth,2541,,
gothic,1853,,
gozada,2317,,
gozando,1595,,
grande,1399,,
grandma,2578,,
grandpa,1635,,
grannies,1549,,
granny,10168,,
grass,1071,,
gratis,3229,,
great,3524,,
green,1004,,
group,161936,,
group-sex,40215,,
groupfuck,22628,,
groupsex,62624,,
guy,4765,,
guyonshemale,1079,,
guys,6692,,
gym,7462,,
gyno,3821,,
hair,3602,,
hairy,96409,,
hairypussy,11182,,
hand,1557,,
handjob,96601,,
handjobs,4500,,
hands,1437,,
harcore,3456,,
hard,84713,,
hard-anal,3028,,
hard-core,4507,,
hard-sex,31240,,
hardcore,1267549,,
hardfuck,39522,,
hardfucked,12730,,
hardsex,106906,,
have,1720,,
having,9004,,
haze,1982,,
haze-him,2658,,
hazed,3458,,
hazegay,3239,,
hazehim,3263,,
hazing,2802,,
hd,36297,,
hdsex,3027,,
head,9428,,
heels,16105,,
hentai,12851,,
her,7017,,
herself,2718,,
hetero,10035,,
hidden,14946,,
hiddencam,4006,,
high,6991,,
high-heels,117651,,
highdef,5487,,
highdefinition,2292,,
highheels,8833,,
hijab,1027,,
hitachimagicwand,1028,,
hj,3237,,
hoe,1542,,
hole,8431,,
holes,4034,,
holly,1241,,
hollywood,3585,,
home,16395,,
homemade,125191,,
homemovie,3592,,
homemovies,2284,,
homevideo,6230,,
homevideos,2563,,
homo,22030,,
homosexual,23246,,
homosexuals,3759,,
homsexual,2160,,
hood,22795,,
hoods,19900,,
hook-up,1405,,
hooker,5511,,
hookup,1253,,
hooters,1491,,
horny,49373,,
hospital,1411,,
hot,85344,,
hot-and-mean,1404,,
hot-body,5914,,
hotandmean,4883,,
hotchat,4181,,
hotel,5416,,
hotsex,13184,,
hottie,14446,,
housewife,27968,,
housewifes,2972,,
housewives,26019,,
huge,29739,,
huge-cock,1676,,
huge-tits,4465,,
hugeblack,4117,,
hugeblackb,1792,,
hugecock,2355,,
hugetits,9493,,
humilation,2523,,
humiliate,6926,,
humiliated,2806,,
humiliation,22389,,
hung,2021,,
hungry,1162,,
hunk,16346,,
hunks,2446,,
hunter,9661,,
husband,1567,,
hymen,5186,,
idol,3307,,
idols69,8611,,
in,12346,,
incredible,11630,,
india,2282,,
indian,13999,,
initiation,1577,,
ink,1443,,
innocent,5174,,
insane,2530,,
insertion,27189,,
inside,2342,,
instruc,1989,,
interacial,41257,,
internal,3233,,
interracial,271896,,
interracial-pickups,1416,,
interracial-sex,4257,,
interracialsex,6054,,
interview,2358,,
into,1280,,
is,1577,,
it,1254,,
italian,2379,,
its-gonna-hurt,3595,,
itsgonnahurt,3306,,
ivana,2565,,
jacking,1237,,
jackoff,1683,,
james,1359,,
janese,2758,,
jap,7195,,
japan,40733,,
japanese,126744,,
japanese-porn,1119,,
japs,1483,,
jasmin,1466,,
jav,8927,,
jeans,1791,,
jenna,1653,,
jerk,3944,,
jerk-off,1859,,
jerking,31333,,
jerkingoff,5721,,
jerkoff,5450,,
jessica,1874,,
jizz,28525,,
job,7721,,
jobs,1048,,
jock,12792,,
jocks,3053,,
joi,1276,,
jordan,1087,,
jovencita,999,,
juggs,55012,,
juicy,4745,,
julia,1163,,
junsex,1818,,
just,1305,,
kelly,2384,,
kick,1036,,
killer,10312,,
kink,8137,,
kinky,12787,,
kiss,2607,,
kissing,34715,,
kitchen,4818,,
kneesocks,1155,,
knockers,6275,,
korea,3877,,
korean,7157,,
la,2118,,
labia,3171,,
lactating,1110,,
ladies,1268,,
lady,2045,,
ladyboy,11152,,
ladyboys,1117,,
ladygirl,1260,,
ladysonia,1686,,
lane,1801,,
lapdance,1205,,
large,2752,,
largedick,1674,,
latex,5868,,
latin,23820,,
latina,79688,,
latina-porn,4525,,
latina-sex,11841,,
latinas,14863,,
latinasex,12006,,
latino,6892,,
latinos,1057,,
leakedvideo,3130,,
leather,4911,,
leche,1542,,
lee,2000,,
legs,13302,,
legs-ass,2909,,
les,12225,,
lesb,9824,,
lesbi,5961,,
lesbian,158595,,
lesbian-orgy,1250,,
lesbian-porn,5838,,
lesbian-sex,5878,,
lesbianas,13643,,
lesbians,99892,,
lesbiansex,16407,,
lesbienne,5688,,
lesbisch,5815,,
lesbo,23460,,
lesbos,24918,,
lesdom,4894,,
lex,1028,,
lexi,1168,,
lez,32941,,
lezbian,8740,,
lezbo,8010,,
lezbos,5845,,
lezdom,3591,,
lezz,6020,,
lezzie,1461,,
lezzies,13147,,
lick,14212,,
licked,1411,,
licking,62549,,
like,2156,,
lima,1265,,
linda,1975,,
lingerie,103770,,
lips,2385,,
lisa,1997,,
little,2201,,
live,30514,,
live-cam,5671,,
live-cams,4251,,
live-sex,7545,,
live-sex-chat,1104,,
live-show,5027,,
livecam,21483,,
livecams,18684,,
livechat,1422,,
livejasmin,1750,,
livesex,24202,,
liveshow,1951,,
load,2658,,
loca,11739,,
login,10683,,
loira,4279,,
lolita,4172,,
long,3176,,
longhair,1396,,
love,24994,,
lovely,1740,,
lover,4703,,
lovers,4802,,
loves,3084,,
loving,1519,,
lowjob,2440,,
lucky,1884,,
lut-party,4902,,
luxury,14199,,
lynn,1961,,
machine,2540,,
made,2744,,
madison,1344,,
madura,1482,,
maid,1851,,
make,2850,,
making,3323,,
male,5983,,
maledom,2161,,
mallu,1095,,
mama,6801,,
mamada,2824,,
mamadas,1283,,
mamando,1135,,
mami,6137,,
man,4646,,
marcusmojo,1023,,
marie,2669,,
maroc,1035,,
married,2422,,
mask,1006,,
masochiatc,1945,,
masochism,2080,,
massage,77879,,
massage-bait,995,,
massage-creep,10147,,
massages,10725,,
masseur,37589,,
masseuse,19180,,
massive,2223,,
master,2618,,
masterbate,13620,,
masterbating,1816,,
masterbation,4070,,
mastrubate,1074,,
masturbacion,1366,,
masturbate,55752,,
masturbates,4711,,
masturbating,62548,,
masturbatio,1555,,
masturbation,208616,,
mature,159979,,
matures,48274,,
me,1702,,
medical,1786,,
megaporn,1857,,
melons,1913,,
members,25787,,
men,20777,,
menage,1474,,
messy,1974,,
metendo,1157,,
mexican,3735,,
mexicana,4647,,
mexicanas,1240,,
mexico,3395,,
mff,1674,,
mi,1553,,
mia,1231,,
michaels,1415,,
michelle,1091,,
milf,248422,,
milf-cougar,23560,,
milf-nextdoor,5642,,
milf-porn,7401,,
milf-sex,7418,,
milfhunter,7350,,
milfs,56926,,
milfsex,5648,,
milk,3034,,
milking,1117,,
minion,1172,,
mirror,2742,,
missionary,4869,,
mistress,11961,,
mistresses,1891,,
mixed,4252,,
mmf,4914,,
mms,1169,,
moaning,2510,,
model,11683,,
models,2838,,
mofos,3042,,
mom,52759,,
mommy,37412,,
mommy-got-boobs,3038,,
mommygotboobs,3171,,
moms,17853,,
money,25616,,
money-talks,7636,,
moneytalks,12446,,
monica,1329,,
monster,10529,,
monster-cock,10098,,
monster-dick,2114,,
monsterblack,5942,,
monstercock,4812,,
monstercurves,1945,,
monsterdick,2239,,
moore,1407,,
more,2672,,
morena,5964,,
morgan,1171,,
morning,2564,,
most,12467,,
motel,1412,,
mother,9926,,
mouth,9943,,
movie,118969,,
movies,11373,,
msn,1109,,
muffdiving,1931,,
multipleblowjob,2198,,
muscle,32258,,
muscled,1737,,
muscledgay,984,,
muscles,1965,,
muscular,11302,,
music,2384,,
my,4456,,
myfreecams,1274,,
na,2022,,
nailed,1046,,
naked,22521,,
naked-man,5215,,
nalgona,1399,,
namorada,1208,,
nasty,7630,,
natasha,8553,,
natashas,2393,,
natural,19917,,
natural-tits,142787,,
naturals,1691,,
naturaltits,2810,,
nature,1082,,
naughty,6628,,
need,8260,,
nerd,6507,,
new,2109,,
next,1405,,
nextdoor,5919,,
nice,11865,,
nicole,1473,,
night,5047,,
nightclub,6482,,
nikki,1787,,
ninfeta,1962,,
nipple,1493,,
nipples,5289,,
nippon,1329,,
no,1807,,
nobunagatv,1695,,
non-nude,1561,,
novia,1507,,
novinha,3255,,
novinhas,1013,,
nubian,2042,,
nude,36009,,
nude-public,2245,,
nudes,1579,,
nudity,11977,,
nurse,15795,,
nurses,1883,,
nylon,5947,,
nylons,5052,,
object,1086,,
objects,1380,,
ocean,1115,,
of,3861,,
off,4680,,
office,29838,,
office-fuck,1651,,
oil,21164,,
oiled,25762,,
oiledup,5909,,
oily,1363,,
old,23509,,
oldandyoung,4073,,
older,13911,,
olderman,1060,,
olderwoman,7372,,
oldguy,2052,,
oldman,2565,,
oldvsyoung,6395,,
omegle,1306,,
on,26065,,
one,11915,,
onenightstand,1552,,
online,9058,,
only,10707,,
ontop,10703,,
open,1141,,
opened,2472,,
opening,4128,,
oral,430625,,
oral-cock,1582,,
oral-sex,2344,,
oralsex,6346,,
oreo,3052,,
orgasm,38729,,
orgasmoral,4069,,
orgasms,2418,,
orgia,9143,,
orgias,6461,,
orgies,2941,,
orgy,117958,,
oriental,30100,,
orientalsex,5339,,
original,33765,,
other,4105,,
out,1212,,
outdoor,107835,,
outdoors,31876,,
outside,5290,,
pain,3074,,
paja,1733,,
pale,2024,,
panties,21081,,
pants,2232,,
panty,2251,,
pantyhose,15035,,
pareja,1056,,
parties,35186,,
party,148156,,
party-orgy,1066,,
partying,9384,,
passion,2308,,
passionate,2449,,
pau,1422,,
pawg,3313,,
pay,7253,,
pee,11752,,
peeing,11820,,
peeper,1831,,
peeping,4187,,
peepingtom,3609,,
pegging,2520,,
pelada,1128,,
pendeja,1038,,
pene,1130,,
penetration,12828,,
penis,5004,,
penis-sucking,6652,,
people,10770,,
perfect,5698,,
perra,1367,,
person,5943,,
peru,2653,,
peruana,2033,,
peruanas,1118,,
pervert,6347,,
perverts,1485,,
pervsonpatrol,2254,,
petite,42317,,
petite-teen,6088,,
phat,4868,,
phatass,3610,,
phoenix,991,,
photos,1303,,
pickup,1340,,
pickups,5613,,
pie,1721,,
pierced,2407,,
piercedclit,1555,,
piercing,9412,,
piercings,1697,,
pigtail,3287,,
pigtails,1844,,
pink,10844,,
piss,13840,,
pissdrinking,1023,,
pissing,16043,,
play,5069,,
playing,9220,,
please,2193,,
pleasure,1620,,
pleasuring,1353,,
plump,3532,,
plumper,7229,,
plussize,989,,
pool,6402,,
porn,127941,,
porn-star,1682,,
pornhub,2857,,
porno,19096,,
pornostar,3260,,
pornstar,208424,,
pornstars,31268,,
pornstars-punishment,3593,,
posing,3323,,
pounded,1011,,
pounding,1002,,
pov-porn,6079,,
preggo,1955,,
pregnant,3254,,
pretty,5559,,
price,6716,,
princess,4530,,
private,27895,,
prodomme,4057,,
profeessional,1714,,
prolapse,1010,,
prostitute,4442,,
prostitutes,2962,,
prostitution,2523,,
puba,1216,,
public,120590,,
public-fuck,6508,,
public-nudity,14892,,
public-pickups,3824,,
public-porn,6106,,
public-sex,10903,,
publicsex,6477,,
pulling,3935,,
punheta,3190,,
punish,1884,,
punishment,7859,,
punk,3528,,
pussies,12396,,
pussy,485762,,
pussy-licking,3152,,
pussyeating,7201,,
pussyfuck,7311,,
pussyfucking,144106,,
pussylick,8465,,
pussylicking,53286,,
pussyrubbing,4091,,
pussytomouth,8708,,
puta,9191,,
putaria,2369,,
putas,1323,,
putinha,1030,,
putita,1042,,
quality,10778,,
rabuda,1755,,
race,3233,,
rachel,1126,,
rae,991,,
raven,2899,,
raw,3099,,
real,76212,,
real-slut-party,1479,,
realamateur,19452,,
reality,137275,,
realityporn,4911,,
reallife,2744,,
really,2459,,
realsex,15047,,
realslutparty,1997,,
rebolando,1514,,
recorded,4581,,
red,5377,,
red-head,38462,,
redbone,1871,,
redhead,106499,,
redlight,1387,,
redtube,2899,,
resolution,10807,,
retro,4802,,
revenge,1244,,
reverse,1238,,
reversecowgirl,998,,
reversegangbang,1222,,
rica,1483,,
rico,1350,,
ride,2344,,
rides,1729,,
riding,18076,,
riley,1034,,
rimjob,6617,,
rimming,9389,,
rio,1126,,
ripe,1469,,
rola,1337,,
roleplay,3609,,
romance,2505,,
romantic,3270,,
room,6499,,
rooms,3206,,
rose,1703,,
rough,38905,,
rough-sex,39902,,
roughsex,2637,,
round,1456,,
round-ass,6857,,
round-asses,5263,,
round-butts,4570,,
roundass,1173,,
roxina,1088,,
rub,7074,,
rub-him,3382,,
rubberdoll,1095,,
rubbing,14392,,
rubhim,4863,,
rubia,1027,,
rubing,5900,,
russia,5050,,
russian,104908,,
sadism,1913,,
sadomaso,2132,,
safada,9529,,
salivating,1130,,
salope,1091,,
sample,29206,,
sandra,1019,,
sapphic,1093,,
sarah,1054,,
sasha,2620,,
satin,2765,,
sbbw,3131,,
scandal,2826,,
scene,2627,,
scenes,2104,,
schlong,1124,,
school,17786,,
school-girl,12768,,
schoolbabe,1311,,
schoolgirl,28782,,
schoolgirls,14400,,
schoolsex,6187,,
scott,1021,,
screaming,1143,,
secret,14284,,
secretary,10486,,
seduction,1681,,
seductive,1091,,
seios,1154,,
self,1942,,
selfshot,2497,,
semen,1774,,
senior,1264,,
sensitive,1700,,
sensual,9862,,
sex,360834,,
sex-cam,5750,,
sex-cams,4372,,
sex-chat,6886,,
sex-chats,4219,,
sex-massage,12100,,
sex-tape,7025,,
sexcam,4165,,
sexcams,3480,,
sexchat,3816,,
sexchats,2939,,
sexformoney,8385,,
sexgames,2196,,
sexgroup,1264,,
sexiest,1157,,
sexmassage,1871,,
sexo,11785,,
sexparty,2204,,
sexprice,4845,,
sexroulette,3451,,
sexspy,2705,,
sextape,9328,,
sextour,1367,,
sextoy,3795,,
sextoys,12969,,
sextrip,1489,,
sexvideo,3257,,
sexwebcams,2564,,
sexy,173364,,
shake,1979,,
shaking,8462,,
sharing,1577,,
shaved,90679,,
shaved-pussy,1801,,
shavedpussy,1474,,
shaving,1263,,
she,1572,,
shemale,53591,,
shemales,7566,,
shoes,14425,,
shooted,13116,,
short,14978,,
shorthair,1502,,
shot,16277,,
shots,6511,,
show,15507,,
shower,11889,,
showing,2687,,
shows,3542,,
shy,2022,,
sissy,2084,,
sista,1642,,
sister,3654,,
site,40784,,
sitter,1185,,
sitting,2090,,
sixty,1113,,
sixty-nine,10525,,
skinny,36975,,
skirt,8228,,
slapping,1034,,
slave,28481,,
slavegirl,3648,,
sleep,1136,,
sleeping,2781,,
slim,4356,,
sloppy,2202,,
slut,50874,,
slut-party,3686,,
slutparty,8634,,
sluts,19584,,
slutty,2399,,
sm,997,,
small,24740,,
small-boobs,8001,,
small-dick,1188,,
small-tits,27536,,
smalltits,15366,,
smoking,5524,,
smothering,1014,,
snatch,7580,,
snatches,2050,,
socks,3453,,
sofa,14753,,
soft,1399,,
softcore,29859,,
soles,1106,,
solo,104420,,
solo-girls,3123,,
soloboy,75230,,
son,3916,,
sophia,1279,,
sorority,9099,,
spandex,6817,,
spanish,15392,,
spank,2463,,
spanking,40395,,
special,1013,,
speculum,8916,,
sperm,28201,,
spicy,5989,,
spit,1609,,
spitting,1036,,
sporty-girl,1061,,
spread,2125,,
spreading,4234,,
spy,17726,,
spy-cam,2201,,
spy-porn,4890,,
spy-sex,2177,,
spycam,13958,,
spycamera,1456,,
spying,3318,,
spyporn,2715,,
squirt,8770,,
squirter,1053,,
squirting,20985,,
squirts,1075,,
stacked,8525,,
stairs,1557,,
star,5737,,
starr,1158,,
stars,1611,,
steele,1016,,
stepdaughter,996,,
stepfamily,1048,,
stepsiblings,1394,,
still,39334,,
stocking,5136,,
stockings,156230,,
stolen,1250,,
stone,1352,,
storyline,7404,,
straight,57992,,
straightbait,1086,,
straightgay,4365,,
straightgayyporn,9201,,
straightguy,8790,,
straightguys,3030,,
strange,1300,,
strap,11334,,
strap-on,28251,,
strapon,39370,,
strapons,2335,,
stream,4019,,
streaming,4286,,
street,3052,,
stretching,1090,,
strip,10707,,
stripper,6371,,
strippers,1979,,
stripping,17799,,
strips,1669,,
striptease,28742,,
stroking,1696,,
strong,2105,,
stud,15138,,
student,11721,,
students,20333,,
studs,18314,,
stunning,11753,,
style,3053,,
su,2347,,
sub,2618,,
submission,5775,,
submissive,5729,,
submitted,1048,,
suck,34989,,
sucker,1259,,
sucking,217001,,
suckingcock,11012,,
suckingdick,10943,,
sucks,38528,,
suits,1418,,
summer,1720,,
sunbed,2796,,
sunset,1641,,
super,32748,,
suruba,1388,,
swallow,55467,,
swallowing,2558,,
swap,1311,,
swapping,1677,,
sweat,1918,,
sweatb,3794,,
sweating,5901,,
sweaty,2291,,
sweden,1164,,
swedish,1447,,
sweet,33037,,
swing,1929,,
swinger,2835,,
swingers,4201,,
t-girl,2706,,
table,4417,,
taboo,4752,,
tall,1177,,
tamil,1267,,
tan,3424,,
tanga,1419,,
tape,2933,,
tatoo,2185,,
tatto,2896,,
tattoo,34354,,
tattooed,1754,,
tattoos,5364,,
taylor,1993,,
teacher,18227,,
teachers,15380,,
tease,9209,,
teaser,1732,,
teasing,27770,,
teen,860369,,
teen-bff,1060,,
teen-hardcore,2290,,
teen-latina,5738,,
teen-porn,2276,,
teen-sex,20842,,
teen-xxx,2101,,
teenage,3501,,
teenager,32085,,
teenagers,7501,,
teenburg,4658,,
teenie,48316,,
teenies,108329,,
teeniesb,1292,,
teenlatina,5755,,
teenporn,10360,,
teenpussy,2257,,
teens,174548,,
teensex,15877,,
teensexfusion,4695,,
testing,2752,,
tesuda,1048,,
tetas,3922,,
tetona,2485,,
tetonas,1174,,
texas,1046,,
tgirl,9516,,
tgirls,3507,,
thai,3224,,
the,8808,,
their,13404,,
themself,1015,,
thick,5426,,
thin,3215,,
thinking,8170,,
this,112223,,
thong,2815,,
three,8700,,
threesome,135808,,
threesomes,2183,,
threeway,10357,,
thresome,1269,,
throat,9430,,
throatfuck,2835,,
thug,1658,,
tied,11273,,
tiffany,1056,,
tight,26094,,
time,3949,,
tiny,7547,,
tiny-dick,3715,,
tinychat,2089,,
tit,7381,,
titfuck,3564,,
titfucking,2034,,
titjob,6037,,
titlicking,7608,,
tits,436104,,
tits-sex,5955,,
titsfuck,1877,,
titties,2162,,
titty,4772,,
titty-fuck,54173,,
tittyfuck,2819,,
to,8756,,
toe,1603,,
toes,2032,,
together,2320,,
toilet,3559,,
tokyo,2194,,
toned,5938,,
tongue,2070,,
toon,3322,,
toons,2121,,
top,1053,,
topless,2265,,
touching,1659,,
tourist,2079,,
toy,68699,,
toying,8948,,
toys,132228,,
toyz,2915,,
training,993,,
trannies,8333,,
tranny,29551,,
trans,32072,,
transexual,5082,,
transgender,1162,,
transsexual,7819,,
transsexuals,1598,,
transvestite,5705,,
travesti,3301,,
tribute,1343,,
trimmed,7501,,
trimmedpussy,2522,,
trio,5741,,
TRUE,5337,,
trying,3084,,
trystanbull,1198,,
ts,3662,,
tube,1915,,
tugging,7424,,
tugjob,6687,,
tv,1964,,
twerk,1678,,
twerking,1172,,
twink,62690,,
twinks,43477,,
twinkstudios,1214,,
twins,1681,,
twistys,1245,,
two,2627,,
uk,1425,,
ultra,17993,,
ultracute,1109,,
unbelievable,7460,,
unbelievably,1279,,
uncensored,3190,,
uncut,4612,,
underwear,2221,,
undressing,1303,,
uniform,18945,,
uniforms,5794,,
unique,3871,,
university,9259,,
up,6723,,
upskirt,4945,,
urine,4732,,
userporn,1821,,
using,2405,,
ussy,5541,,
vacation,1125,,
vadia,1258,,
vagabunda,1403,,
vagina,18226,,
vaginal,4691,,
van,1141,,
vanessa,1365,,
verga,1903,,
very,2969,,
vibrator,67535,,
vibrators,1462,,
victoria,1098,,
vid,3299,,
video,16583,,
videochat,2892,,
videos,15846,,
vids,1469,,
vietnam,1039,,
vietnamese,1485,,
vintage,6600,,
violate,5143,,
virgin,10646,,
visit,19812,,
voyer,2511,,
voyeur,79931,,
voyeurs,4800,,
vs,1558,,
vulva,3034,,
waiting,29197,,
wam,8251,,
wank,2931,,
wanking,13391,,
watch,1455,,
watching,27872,,
watermarked,12314,,
watersports,8658,,
web,6971,,
web-cam,4145,,
web-cams,4310,,
webcam,137954,,
webcamchat,28196,,
webcams,51275,,
webcamsex,12900,,
webchat,1088,,
website,5510,,
week,9724,,
weird,10800,,
wet,18815,,
wet-ass,3039,,
wetandmessy,3478,,
wetass,1230,,
wetbutts,1219,,
what,33760,,
whip,4669,,
whipping,1183,,
white,52523,,
whitegirl,1541,,
whiteonblack,2812,,
whooty,1104,,
whore,26751,,
whores,13718,,
wife,47870,,
wifes,6179,,
wifey,5195,,
wild,5959,,
wild-sex,8143,,
with,83930,,
wives,6842,,
woman,8486,,
women,7965,,
work,2624,,
workout,6490,,
world,1090,,
worship,1879,,
wrestling,3312,,
xvideos,3711,,
xxx,22419,,
years,2460,,
yoga,1102,,
young,222083,,
youngandold,1191,,
younger,58266,,
youngteen,1292,,
youporn,1189,,
your,1645,,
zebra-lesbos,2869,,
zebragirls,2916,,
zorra,1244,,
