1,Amateur
2,Anal
3,Asian
4,BBW
6,Big butt
7,Big tits
5,Bisexual
51,Blonde
9,Blowjob
52,Brunette
10,Coed
11,Compilation
12,Couples
13,Creampie
37,Cumshots
15,Cunnilingus
16,DP
44,Dildos/Toys
8,Ebony
48,European
17,Facial
42,Fantasy
67,Female Friendly
18,Fetish
62,Fingering
19,Funny
20,Gay
58,German
50,Gonzo
21,Group sex
46,Hairy
22,Handjob
23,Hentai
24,Instructional
25,Interracial
41,Interview
40,Kissing
49,Latina
26,Lesbian
29,MILF
64,Massage
55,Masturbate
28,Mature
36,POV
56,Panties
57,Pantyhose
30,Public
53,Redhead
43,Rimming
61,Romantic
54,Shaved
31,Shemale
60,Solo Male
27,Solo girl
39,Squirting
47,Straight Sex
59,Swallow
32,Teen
38,Threesome
33,Vintage
34,Voyeur
35,Webcam
45,Young/Old
63,3D
