amateur,Amateur,4
anal,Anal,5
asian,Asian,6
bbw,BBW,16
big-butt,BBW,16
big-tits,Big Boobs,47
bisexual,Bisexuals,95
blonde,Blondes,11
blowjob,Blowjobs,12
brunette,Brunettes,13
coed,Teens,44
compilation,Hardcore,23
couples,Babes,7
creampie,Creampie,96
cumshots,Cumshots,18
dp,Double Penetration,110
dildos-toys,Sex Toys,19
ebony,Black and Ebony,10
facial,Facials,56
fetish,BDSM,60
fingering,Fingering,21
funny,Funny,15
german,German,132
group-sex,Group Sex,50
hairy,Hairy,22
handjob,Handjobs,48
hentai,Hentai,133
interracial,Interracial,98
kissing,Softcore,138
latina,Latin,89
lesbian,Lesbians,28
milf,MILFs,99
massage,Massage,123
masturbate,Masturbation,31
mature,Matures,32
pov,POV,101
panties,Lingerie,122
pantyhose,Lingerie,122
public,Public Nudity,39
redhead,Redheads,88
solo-girl,Babes,7
squirting,Squirting,90
teen,Teens,44
threesome,Threesomes,129
vintage,Vintage,51
voyeur,Voyeur,102
webcam,Webcams,3
young-old,Old+Young,100
