title,xvideos
Amateur,amateur
Anal,anal
Asian,asian
BBW,bbw
Big Butt,big-butt
Big Tits,big-tits
Bisexual,bi
Blonde,blonde
Blowjob,blow-job
Brunette,brunette
Coed,coed
Compilation,compilation
Couples,couples
Creampie,cream-pie
Cumshots,cumshots
Cunnilingus,cunnilingus
DP,doublepenetration
Dildos/Toys,sextoys
Ebony,black
European,european
Facial,facials
Fantasy,fantasy
Female Friendly,forwomen
Fetish,fetish
Fingering,fingering
Funny,funny
Gay,gay
German,german
Gonzo,gonzo
Group Sex,group-sex
Hairy,hairy
Handjob,handjob
Hentai,hentai
Instructional,
Interracial,interacial
Interview,interview
Kissing,kissing
Latina,latina
Lesbian,lesbian
MILF,milf
Massage,massage
Masturbate,masterbate
Mature,mature
POV,POV
Panties,panties
Pantyhose,pantyhose
Public,public-sex
Redhead,red-head
Rimming,rimming
Romantic,romantic
Shaved,shaved
Shemale,shemale
Solo Male,soloboy
Solo Girl,solo-girls
Squirting,squirting
Straight Sex,sex
Swallow,swallow
Teen,teens
Threesome,threesome
Vintage,vintage
Voyeur,voyeur
Webcam,webcam
Young/Old,youngandold
3D,3d
