amateur,Amateur,1
anal,Anal,2
asian,Asian,3
bbw,BBW,4
big-butt,Big butt,6
big-tits,Big tits,7
bisexual,Bisexual,5
blonde,Blonde,51
blowjob,Blowjob,9
brunette,Brunette,52
coed,Coed,10
compilation,Compilation,11
couples,Couples,12
creampie,Creampie,13
cumshots,Cumshots,37
cunnilingus,Cunnilingus,15
dp,DP,16
dildos-toys,Dildos/Toys,44
ebony,Ebony,8
european,European,48
facial,Facial,17
fantasy,Fantasy,42
female-friendly,Female Friendly,67
fetish,Fetish,18
fingering,Fingering,62
funny,Funny,19
gay,Gay,20
german,German,58
gonzo,Gonzo,50
group-sex,Group sex,21
hairy,Hairy,46
handjob,Handjob,22
hentai,Hentai,23
instructional,Instructional,24
interracial,Interracial,25
interview,Interview,41
kissing,Kissing,40
latina,Latina,49
lesbian,Lesbian,26
milf,MILF,29
massage,Massage,64
masturbate,Masturbate,55
mature,Mature,28
pov,POV,36
panties,Panties,56
pantyhose,Pantyhose,57
public,Public,30
redhead,Redhead,53
rimming,Rimming,43
romantic,Romantic,61
shaved,Shaved,54
shemale,Shemale,31
solo-male,Solo Male,60
solo-girl,Solo girl,27
squirting,Squirting,39
straight-sex,Straight Sex,47
swallow,Swallow,59
teen,Teen,32
threesome,Threesome,38
vintage,Vintage,33
voyeur,Voyeur,34
webcam,Webcam,35
young-old,Young/Old,45
3d,3D,63
